ID,Type,UGS,"GTIN, UPC, EAN ou ISBN",Nom,Publié,"Mis en avant ?","Visibilité dans le catalogue","Description courte",Description,"Date de début de promo","Date de fin de promo","État de la TVA","Classe de TVA","En stock ?",Stock,"Montant de stock faible","Autoriser les commandes de produits en rupture ?","Vendre individuellement ?","Poids (kg)","Longueur (cm)","Largeur (cm)","Hauteur (cm)","Autoriser les avis clients ?","Note de commande","Tarif promo","Tarif régulier",Catégories,Étiquettes,"Classe d’expédition",Images,"Limite de téléchargement","Jours d’expiration du téléchargement",Parent,"Groupes de produits","Produits suggérés","Ventes croisées","URL externe","Libellé du bouton",Position,Brands,"Méta : _aioseo_og_article_section","Méta : om_disable_all_campaigns","Méta : _wooaddtocart_product_hide_cart_button","Méta : _wooaddtocart_product_cart_button_text","Méta : _wooaddtocart_product_hide_price","Méta : _wc_pinterest_condition","Méta : _aioseo_title","Méta : fb_product_item_id","Méta : _wc_facebook_sync_enabled","Méta : fb_visibility","Méta : fb_product_description","Méta : fb_rich_text_description","Méta : _wc_facebook_product_image_source","Méta : fb_brand","Méta : fb_mpn","Méta : fb_size","Méta : fb_color","Méta : fb_material","Méta : fb_pattern","Méta : fb_age_group","Méta : fb_gender","Méta : fb_product_condition","Méta : woosb_ids","Méta : woosb_disable_auto_price","Méta : woosb_discount","Méta : woosb_discount_amount","Méta : woosb_shipping_fee","Méta : woosb_manage_stock","Méta : woosb_limit_whole_min","Méta : woosb_limit_whole_max","Méta : woosb_total_limits","Méta : woosb_total_limits_min","Méta : woosb_total_limits_max","Méta : woosb_exclude_unpurchasable","Méta : woosb_layout","Méta : woosb_custom_price","Méta : woosb_before_text","Méta : woosb_after_text","Méta : _wp_old_date","Méta : _aioseo_description","Méta : fb_product_group_id"
1305,simple,,,"The one thing",1,0,visible,"Notre attention est sollicitée en permanence. Or chaque projet demande de la concentration, notre journée n’est pas extensible et parfois nous avons l’impression de marcher sur place en voulant tout faire en même temps. THE ONE THING, la méthode des pros, a aidé des millions de personnes dans le monde entier à se concentrer sur ce qui est primordial, pour une efficacité hors normes et une lucidité qui permet de mieux profiter de la vie. Vous voulez moins : de distractions, d’e-mails, de tweets, de messages, de réunions, de stress et de perturbation. Vous aurez plus : de productivité et de satisfaction dans votre travail et de liberté. Vous aurez plus : de productivité et de satisfaction dans votre travail et de liberté.\nGary Keller est l’auteur de plusieurs livres best-sellers et a connu un succès mondial avec sa méthode The One Thing.\nJay Papasan, éditeur et vice-président chez Keller Williams, contribue à la transmettre au plus grand nombre.",,,,taxable,,1,,,0,0,0.4,22.30,14.50,2,1,,,2300,"business, développement personnel, Français, productivité",,,http://espritlivre.com/wp-content/uploads/2024/02/the-one.jpg,,,,,"id:1956, id:1315",,,,0,,,,no,,no,,,,,,,,,,,,,,,,,,,,,,,,,,,,,,,,,,,,
1315,simple,,,"l'obstacle est le chemin",1,0,visible,,"On ne compte plus les méthodes (ni les livres) qui nous expliquent comment réussir, mais rares sont celles qui nous apprennent à surmonter l'échec. Mieux, à en faire une force.\n\nPourtant les stoïciens enseignaient déjà il y a plus de 2000 ans que les obstacles étaient de véritables opportunités. De Marc Aurèle à Steve Jobs, en passant par Montaigne, Thomas Jefferson, George Washington, John D. Rockefeller ou encore Bill Clinton, nombreux sont les grands de ce monde qui, à travers les siècles, se sont inspirés des...",,,taxable,,0,,,0,0,,,,,1,,,2100,"développement personnel, Français, productivité","AUTEUR : Ryan Holiday",,http://espritlivre.com/wp-content/uploads/2024/02/lobstacleestlechemin.jpg,,,,,,,,,0,,,,no,,no,,,,,,,,,,,,,,,,,,,,,,,,,,,,,,,,,,,,
1393,simple,exemplaire,,"Le Personal MBA",1,0,visible,,"« Ne rangez ce livre sous aucun prétexte. Josh vous emmène dans un voyage des plus utiles à travers tous les concepts-clés du monde des affaires. »\nSeth Godin, auteur de La vache pourpre et autres succès « Peu importe ce qu'on vous dira, un MBA n'est pas indispensable. Si vous lisez ce livre et mettez en pratique de nouvelles idées, vous ferez un immense pas en avant. »\nKevin Kelly, ancien rédacteur en chef du magazine Wired\n\nObtenir un MBA est cher et pas toujours rentable. C'est ce constat qui a poussé Josh Kaufman à créer le si te web PersonalMBA.com (devenu rapidement une référence) comme une alternative possible aux formations proposées dans les écoles de commerce.\nSur son site, il a partagé sa liste de lecture des meilleurs livres de business à dévorer et il a expliqué de manière simple les concepts et les principes à connaître pour réussir sa carrière ou son entreprise.\nPlus qu'un site web, le Personal MBA est désormais un livre qui réunit, en un seul et même volume, toutes les connaissances indispensables du business (gestion, finance, marketing, vente, management.).\nQue vous soyez entrepreneur ou salarié, avec ce livre, vous avez toutes les car tes en main pour réussir.",,,taxable,,1,,,0,0,,,,,1,,,2940,"business, Education Financière, entreprenariat",,"livraison payante",http://espritlivre.com/wp-content/uploads/2024/03/le-personal.jpg,,,,,,,,,0,,,,no,,no,new,"#personal mba #post_title #separator_sa zspritlivre #site_title",,,,,,,,,,,,,,,,,,,,,,,,,,,,,,,,,,
1398,simple,,,"Les Secrets de l'Amour Divin",1,0,visible,,"<span class=""a-text-italic"">Les secrets de l’amour Divin : voyage au cœur de l’islam</span> est un guide inspirant qui vous mènera vers le sens caché du Coran dans la passion et la joie. Écrites avec soin et précision, les réflexions métaphoriques de Helwa vous invitent à participer à sa quête sincère de vérité et de compréhension. En accédant aux mécanismes internes de la tradition islamique, vos doutes dans la foi seront confrontés à une connexion plus profonde avec Allah, enracinée dans la compassion.\n\nDans <span class=""a-text-italic"">Les secrets de l’amour Divin</span>, vous découvrirez :\n<ul class=""a-unordered-list a-vertical"">\n 	<li><span class=""a-list-item"">Qui est Dieu et à quel point Il vous aime inconditionnellement, exactement tel que vous êtes</span></li>\n 	<li><span class=""a-list-item"">Pourquoi vous avez été crée et quel est votre but divin</span></li>\n 	<li><span class=""a-list-item"">Comment Dieu vous a déjà donné tout ce dont vous avez besoin pour l’atteindre</span></li>\n 	<li><span class=""a-list-item"">Comment maîtriser votre ego et éveiller votre cœur</span></li>\n 	<li><span class=""a-list-item"">Comment avoir une relation étroite avec un Dieu transcendant</span></li>\n 	<li><span class=""a-list-item"">Comment ce qui vous distrait durant la prière peut vous aider à vous rapprocher de Dieu</span></li>\n 	<li><span class=""a-list-item"">Comment se repentir de façon à transformer vos péchés en bonnes actions</span></li>\n 	<li><span class=""a-list-item"">Comment polir le miroir de son cœur et faire l’expérience de Dieu partout</span></li>\n 	<li><span class=""a-list-item"">Pourquoi la mort n’est pas la fin, mais le commencement d’une vie éternelle</span></li>\n 	<li><span class=""a-list-item"">Pourquoi vous avez été crée pour bien plus que mourir et aller au paradis</span></li>\n 	<li><span class=""a-list-item"">Comment vos distractions durant vos actes de dévotion quotidiens peuvent paradoxalement vous rapprocher de Dieu, et bien plus encore !</span></li>\n</ul>\n<span class=""a-text-italic"">Les secrets de l’amour Divin</span> guide les lecteurs, quelle que soit leur appartenance religieuse, à travers les enseignements du Prophète Mohammed (psl), Rumi et d’autres sommités. Si vous aimez la théologie étayée par la science et la psychologie modernes et les leçons inspirantes du Coran à l’usage des musulmans contemporains, alors le livre éclairé d’A. Helwa est fait pour vous.",,,taxable,,0,,,0,0,0.617,15.24,2.69,22.86,1,,,2960,"développement personnel, Français, livre islamique inspirant, spiritualité",,,http://espritlivre.com/wp-content/uploads/2024/03/lessecretsdelamourdivin.jpg,,,,,,,,,0,,,,no,,no,,,23974286485523909,yes,yes,,,product,,,,,,,,,,,,,,,,,,,,,,,,,,,,
1934,simple,,,"psychologie des foules",1,0,visible,,,,,taxable,,1,,,0,0,,,,,1,,,,"Non classé",,,http://espritlivre.com/wp-content/uploads/2024/06/psychologiedesfoules.jpg,,,,,,,,,0,,,,,,,,,,,,,,,,,,,,,,,,,,,,,,,,,,,,,,,,,,
1946,simple,,,"l'art de la guerre",1,0,visible,,,,,taxable,,1,,,0,0,,,,,1,,,500,"Non classé",,,http://espritlivre.com/wp-content/uploads/2024/06/lartdelaguerre.jpg,,,,,,,,,0,,,,no,,no,,,,,,,,,,,,,,,,,,,,,,,,,,,,,,,,,,,,
1954,simple,,,"Avoir le courage de ne pas être aimé",1,0,visible,,"Sous ce titre provocateur qui va à l'encontre de tout ce que l'on nous apprend depuis notre enfance, ce livre, très accessible et profond, nous explique comment débloquer le pouvoir qui est en nous et qui ne demande qu'à s'épanouir pour que nous soyons la personne que nous souhaitons vraiment être. Et cela, sans tenir compte du regard des autres, sans nous soucier de leur approbation. En s'appuyant sur les théories d'Alfred Adler, l'un des trois géants de la psychologie du début du XXe siècle aux côtés de Freud et de Jung, ce livre suit une conversation éclairante entre un philosophe et un jeune homme. Le philosophe explique à son élève comment chacun d'entre nous est capable de déterminer sa propre vie, sans les entraves des expériences passées, des doutes et des attentes des autres. C'est une façon de penser profondément libératrice, nous permettant de développer le courage de changer et d'ignorer les limites que nous et les personnes qui nous entourent peuvent nous imposer.",,,taxable,,1,,,0,0,,,,,1,,,2920,psychologie,,,http://espritlivre.com/wp-content/uploads/2024/06/avoir.jpg,,,,,,,,,0,,,,no,,no,,,,,,,,,,,,,,,,,,,,,,,,,,,,,,,,,,,,
1956,simple,,,"L'effet cumulé",1,0,visible,,"Décuplez votre réussite !\n\nVous souhaitez réussir ? Mieux que vous ne l'auriez cru possible ? Mieux encore que dans vos rêves ? Lisez ce livre. Vous y parviendrez. Finis les tours de passe-passe et les exagérations ! Vous trouverez dans L'Effet cumulé ce que vous devez maîtriser et mettre en pratique pour obtenir un succès hors du commun et durable. Darren Hardy a tout vu, tout entendu et presque tout essayé. Ce livre est un concentré des principes fondamentaux qui ont inspiré les réussites les plus phénoménales dans les domaines du business, des relations humaines et de la vie personnelle. Vous découvrirez des conseils pour : Eradiquer les mauvaises habitudes qui vous empêchent de progresser, y compris celles dont vous n'avez pas conscience. Instaurer sans douleur les disciplines indispensables à une transformation en profondeur. Trouver le secret véritable et durable de la motivation. Comprendre comment les gagnants se démarquent pour triompher à votre tour de tous vos concurrents, qu'ils soient plus malins, plus doués ou plus expérimentés que vous. Saisir l'élan quand il est là afin que plus rien ne puisse vous empêcher de concrétiser vos objectifs. Ce mode d'emploi vous permettra petit à petit de multiplier vos réussites et de suivre votre évolution pour réaliser tous vos désirs. Si vous souhaitez sérieusement mener une vie extraordinaire, mettez à profit le pouvoir de l'Effet cumulé. L'aventure commence maintenant !",,,taxable,,1,,,0,0,,,,,1,,2300,2920,"développement personnel, entreprenariat, livre de poche, productivité",,,http://espritlivre.com/wp-content/uploads/2024/06/l-effet.jpg,,,,,,,,,0,,,,no,,no,,,,,,,,,,,,,,,,,,,,,,,,,,,,,,,,,,,,
1958,simple,,,"De Zéro à Un",1,0,visible,,"<strong><span class=""a-text-bold"">Comment construire le futur pour l’homme qui a créé PayPal et investi dans Facebook, SpaceX et Linkedin.</span></strong>\n\nÉcrit à partir de cours donnés à Stanford, <span class=""a-text-italic"">Zéro à Un</span> propose une vision radicale et nouvelle sur la conception et le management des start-ups.\nQuelques uns de ses principes :\n<ul class=""a-unordered-list a-vertical"">\n 	<li><span class=""a-list-item"">Le mythe du prochain Facebook, Google…</span></li>\n</ul>\nChaque instant en business n’arrive qu’une fois. Le prochain Bill Gates ne construira pas un système d’exploitation, Sergueï Brin ne fera pas un moteur de recherche et le prochain <span class=""a-text-italic"">Zuckerberg ne créera pas un réseau social. Si vous les copiez c’est que vous n’avez rien à offrir de mieux.</span>\nQuelle vérité êtes-vous seul à posséder, quelle est la société que personne ne construit ?\n<ul class=""a-unordered-list a-vertical"">\n 	<li><span class=""a-list-item"">Vive le monopole. La compétition et le capitalisme sont à l’opposé…</span></li>\n</ul>\nCertes, il est plus simple de copier un modèle que d’inventer. Faire ce qu’on sait mène le monde de 1 à n.\nEn y ajoutant un élément déjà connu. Mais chaque fois que l’on crée de la nouveauté on passe de zéro à un.Ce livre explique comment y parvenir.\n\n<span class=""a-text-italic"">Traduit de l’anglais par Johan Frédérik Hel Guedj</span>\n\n« Ce livre propose des idées complètement nouvelles et apporte une véritable bouffée d’air frais sur une question vitale : comment créer de la valeur en ce monde. » <span class=""a-text-bold a-text-italic"">Mark Zuckerberg</span>, PDG de Facebook\n\n« Peter Thiel a créé plusieurs entreprises révolutionnaires et dans <span class=""a-text-italic"">Zéro à Un</span>, il nous explique comment il s’y est pris. » <span class=""a-text-bold"">Elon Musk</span>, PDG de SpaceX et Tesla\n\n« Quand un spécialiste de la prise de risque écrit un livre, lisez-le. Dans le cas de Peter Thiel, lisez-le deux fois ou pour être tout à fait sûr du coup, allez même jusqu’à le lire trois fois. C’est un classique. » <span class=""a-text-bold"">Nassim Nicholas Taleb</span>, auteur du<span class=""a-text-italic""> Cygne noir</span>",,,taxable,,0,,,0,0,,,,,1,,,2650,"business, Education Financière, entreprenariat",,,http://espritlivre.com/wp-content/uploads/2024/06/de-zero.jpg,,,,,,,,,0,,,,no,,no,,,29796217383355572,,,,,,,,,,,,,,,,,,,,,,,,,,,,,,,,,
1960,simple,,,"Les lois de la nature humaine",1,0,visible,,"Notre nature façonne notre vie plus que tout cadre social, éducation ou institution. Nos talents et capacités atteignent vite leurs limites, si nous ne comprenons pas les bases du comportement humain.\n<ol class=""a-ordered-list a-vertical"">\n 	<li><span class=""a-list-item"">Maîtrisez votre moi émotionnel</span></li>\n 	<li><span class=""a-list-item"">Transformez votre narcissisme en empathie</span></li>\n 	<li><span class=""a-list-item"">Découvrez ce qui se cache derrière le masque</span></li>\n 	<li><span class=""a-list-item"">Déterminez la force du caractère des individus</span></li>\n 	<li><span class=""a-list-item"">Soyez un objet de désir insaisissable</span></li>\n 	<li><span class=""a-list-item"">Prenez de la hauteur</span></li>\n 	<li><span class=""a-list-item"">Brisez les résistances d’autrui en l e confortant dans ses opinions</span></li>\n 	<li><span class=""a-list-item"">Changez la situation en changeant votre façon de penser</span></li>\n 	<li><span class=""a-list-item"">Affrontez votre côté obscur</span></li>\n 	<li><span class=""a-list-item"">Méfiez - vous de l ’égo fragile</span></li>\n 	<li><span class=""a-list-item"">Apprenez à connaître vos limites</span></li>\n 	<li><span class=""a-list-item"">Reconnectez-vous au masculin/féminin qui est en vous</span></li>\n 	<li><span class=""a-list-item"">Avancez en donnant du sens à votre vie</span></li>\n 	<li><span class=""a-list-item"">Ne laissez pas le groupe vous tirer vers le bas</span></li>\n 	<li><span class=""a-list-item"">Donnez - leur envie de vous suivre</span></li>\n 	<li><span class=""a-list-item"">Débusquez l’hostilité derrière l’amabilité de façade</span></li>\n 	<li><span class=""a-list-item"">Saisissez l’instant historique</span></li>\n 	<li><span class=""a-list-item"">Méditons sur notre mortalité</span></li>\n</ol>",,,taxable,,0,,,0,0,,,,,1,,1900,2500,"développement personnel, psychologie",,,http://espritlivre.com/wp-content/uploads/2024/06/les-lois.jpg,,,,,,,,,0,,,,no,,no,,,24117919914479825,yes,yes,,,product,,,,,,,,,,,,,,,,,,,,,,,,,,,,
2224,simple,,,"L'Essentiel de l'anglais  (pour les nuls)",1,0,visible,"<span class=""a-text-bold"">Apprenez l'anglais facilement et rapidement !</span>\n\nPas de bla bla inutile ou de longs discours théoriques !","<span class=""a-text-bold"">Apprenez l'anglais facilement et rapidement !</span>\n\nPas de bla bla inutile ou de longs discours théoriques ! Avec <span class=""a-text-italic"">L'Essentiel de l'anglais pour les Nuls</span>, vous avez entre les mains tous les éléments pour progresser efficacement et sereinement afin de comprendre la langue et de vous faire comprendre ! Le monde anglophone n'attend plus que vous !",,,taxable,,1,,,0,0,0.230,14,1.2,18,1,,,1950,anglais,,,http://espritlivre.com/wp-content/uploads/2024/07/l-essentiel.jpg,,,,,,,,,0,,,,no,,no,,"#post_title l'Essentiel de l'anglais pour les nuls #post_title #separator_sa",,,,,,,,,,,,,,,,,,,,,,,,,,,,,,,,,,
2328,woosb,,,"pack best seller  ''effet cumulé et the one Thing""",1,0,visible,,,,,taxable,,1,,,0,0,,,,,1,,3700,"4800,00","développement personnel, entreprenariat",,,http://espritlivre.com/wp-content/uploads/2024/08/Sans-titre-8-scaled.jpg,,,,,,,,,0,,,,no,,no,,,,,,,,,,,,,,,,,,"{""nred"":{""id"":""1956"",""sku"":"""",""qty"":""1"",""min"":"""",""max"":""""},""14g3"":{""id"":""1305"",""sku"":"""",""qty"":""1"",""min"":"""",""max"":""""}}",off,0,900,whole,on,,,off,,,unset,unset,,,,,,
2385,simple,,,"pack  transformation  ( les lois de la nature humaine + avoir le courage de ne pas être aimé)",1,0,visible,,"Découvrez le Pack Transformation : Deux Voyages de Réflexion\n\nPlongez dans les profondeurs de la psychologie humaine et de l'auto-libération avec notre pack exclusif, qui combine deux ouvrages révolutionnaires pour vous guider vers la meilleure version de vous-même.\n\nLe premier livre, inspiré par les enseignements d'Alfred Adler, l'un des pionniers de la psychologie, vous invite à vous libérer des chaînes du passé et du regard des autres. À travers des dialogues captivants entre un philosophe et son élève, découvrez comment vous pouvez prendre le contrôle de votre vie, ignorer les attentes externes et cultiver le courage nécessaire pour changer véritablement.Le second ouvrage vous transporte dans l'arène des grandes figures historiques comme Périclès et Martin Luther King Jr., vous enseignant comment développer une empathie profonde et une compréhension aiguë des motivations humaines.\n\nRobert Greene dévoile comment résister au conformisme et utiliser les lois de la nature humaine à votre avantage pour naviguer avec succès dans vos interactions sociales et professionnelles.\n\nEnsemble, ces livres vous offrent les clés pour non seulement comprendre le monde qui vous entoure, mais aussi pour vous affranchir des limitations imposées et tracer un chemin unique et personnel. Ce pack n'est pas seulement une lecture; c'est une transformation, une révolution de votre intérieur qui se manifestera dans tous les aspects de votre vie.",,,taxable,,1,,,0,0,,,,,1,,,4850,"philosophie, psychologie",,,http://espritlivre.com/wp-content/uploads/2024/08/officiel.png,,,,,,,,,0,,,,no,,no,,,,,,,,,,,,,,,,,,,,,,,,,,,,,,,,,,,,
2390,simple,,,"L'anglais en 15 minutes par jour pour les Nuls",1,0,visible,,"<span class=""a-text-bold"">Progressez vite et bien grâce à un coaching quotidien !</span>\n\nVous voulez vous mettre à l'anglais, mais vous n'avez que peu de temps à y consacrer ? Cette méthode de langue est faite pour vous ! Un programme sur mesure vous attend : 12 semaines de leçons, d'exercices de compréhension écrite et orale, et de grammaire. En seulement 15 minutes par jour, ce livre vous permettra de découvrir efficacement les principales règles de grammaire, la conjugaison, la syntaxe, l'utilisation des adjectifs et des adverbes, etc. Et en bonus, téléchargez des pistes audio pour vous familiariser avec l'anglais tel qu'on le parle vraiment !\n\n<span class=""a-text-bold"">Découvrez :</span>\nLe vocabulaire essentiel\nLes règles de grammaire et de conjugaison dont vous aurez besoin pour vous exprimer en anglais au quotidien\nDes enregistrements audio pour travailler la prononciation et la compréhension orale\nDe nombreux exercices pour s'entraîner",,,taxable,,1,,,0,0,,,,,1,,,2680,anglais,,,http://espritlivre.com/wp-content/uploads/2024/08/Sans-titre-2.png,,,,,,,,,0,,,,no,,no,,,,,,,,,,,,,,,,,,,,,,,,,,,,,,,,,,,,
2394,simple,,,"pack Anglais Express : maitrise rapide et Efficace",1,0,visible,,"Découvrez notre pack exclusif conçu pour tous ceux qui souhaitent plonger dans l'apprentissage de l'anglais de manière efficace et sans perte de temps. Que vous soyez débutant ou que vous cherchiez à rafraîchir vos connaissances, ce duo de livres est votre compagnon idéal pour une immersion réussie dans la langue anglaise.\n\nLe premier livre, L'Essentiel de l'anglais pour les Nuls, vous offre une approche directe et sans détours. Oubliez les longues explications théoriques et plongez dans des leçons pratiques qui vous permettront de comprendre rapidement la langue et de vous exprimer avec aisance. Que vous prépariez un voyage, une réunion professionnelle ou simplement désireux d'élargir vos horizons, ce guide est l'outil parfait pour vous introduire au monde anglophone.\n\nLe second ouvrage, Progressez vite et bien grâce à un coaching quotidien, complète parfaitement le premier en vous proposant un programme structuré de 12 semaines. Avec seulement 15 minutes par jour, vous pouvez intégrer les règles essentielles de grammaire, de conjugaison, et beaucoup plus. Les enregistrements audio inclus sont une ressource inestimable pour améliorer votre prononciation et votre compréhension orale, vous permettant d'écouter et de pratiquer l'anglais tel qu'il est parlé quotidiennement.Ensemble, ces deux livres forment un curriculum complet qui couvre tous les aspects nécessaires pour parler anglais avec confiance. Ils vous fournissent les outils pour :•Acquérir et réviser le vocabulaire essentiel•\n\n-Maîtriser les règles de grammaire et de conjugaison pour une communication fluide\n\n-Améliorer votre prononciation et votre compréhension grâce aux supports audio•\n\n-Renforcer vos compétences à travers une multitude d'exercices pratiques\n\nEmbarquez dans votre voyage linguistique avec notre pack spécial et transformez votre manière d'apprendre l'anglais. Parfait pour ceux qui veulent des résultats rapides et durables, ce pack est votre premier pas vers une maîtrise complète de l'anglais.",,,taxable,,1,,,0,0,,,,,1,,,4500,anglais,,,http://espritlivre.com/wp-content/uploads/2024/08/Captureanglais.png,,,,,,,,,0,,,,no,,no,,,,,,,,,,,,,,,,,,,,,,,,,,,,,,,,,,,,
2403,simple,,,"l'offre a 100",1,0,visible,,,,,taxable,,0,,,0,0,,,,,1,,,3350,"Non classé",,,http://espritlivre.com/wp-content/uploads/2024/08/61tkwauB0lL._SY385_.jpg,,,,,,,,,0,,,,no,,no,,,,,,,,,,,,,,,,,,,,,,,,,,,,,,,,,,,,
2458,simple,,,"Secrets d'expert - E-commerce : comment convertir vos visiteurs en clients",1,0,visible,,"Si vous ne connaissez rien au marketing, lisez ce livre.\nEt si vous pensez être un expert du marketing, lisez ce livre.\n\nUn entonnoir de vente est la série d'étapes qui transforme le visiteur d'un\nsite e-commerce en acheteur. Dans cet ouvrage, le serial entrepreneur Russell Brunson démontre que le message du vendeur est la clé pour faire passer le prospect d'une étape à une autre.\n\nVotre expertise, vos talents, votre parcours, les raisons pour lesquelles vous avez créé votre offre sont les éléments qui attirent les clients et les incitent à vous rester fidèles. Découvrez dans ce guide comment :\n• transformer votre histoire en un message soigné grâce aux pouvoirs du <span class=""a-text-italic"">storytelling</span> ;\n• vous positionner comme un leader plutôt que comme un vendeur ;\n• rassembler les personnes dont vous pouvez améliorer la vie grâce à vos produits ou services ;\n• vous construire une véritable carrière dans la vente en ligne.",,,taxable,,1,,,0,0,,,,,1,,,2750,"business, Education Financière, entreprenariat",,,http://espritlivre.com/wp-content/uploads/2024/08/61VDJSI-JaL._SY425_.jpg,,,,,,,,,0,,,,no,,no,,,,,,,,,,,,,,,,,,,,,,,,,,,,,,,,,,,,
2461,simple,,,"Influence et manipulation - 3e édition augmentée",1,0,visible,,"Pourquoi et comment sommes-nous amenés à faire des choses contre notre gré ?  Robert Cialdini, docteur en psychologie sociale, livre le résultat de plus de quinze ans de recherches sur les mécanismes et les techniques de persuasion. Dans ce livre, il explique pourquoi certaines personnes sont douées d'un remarquable talent de persuasion et comment il est possible de les battre sur leur propre terrain. Ce document nous dévoile les six secrets psychologiques qui se cachent derrière notre dangereuse tendance à nous laisser influencer, ainsi que les moyens employés par les spécialistes de la persuasion pour les exploiter à notre insu. Il nous apprend à nous en défendre, en tournant ces secrets à notre avantage.  Grâce à ce livre indispensable, vous ne direz plus jamais « Oui », alors que vous pensez « non ».",,,taxable,,0,,,0,0,,,,,1,,,1800,"développement personnel, entreprenariat",,,http://espritlivre.com/wp-content/uploads/2024/08/61u5kXiO0xL._SY425_.jpg,,,,,,,,,0,,,,no,,no,,,,,,,,,,,,,,,,,,,,,,,,,,,,,,,,,,,,
2463,simple,,,"Réfléchissez et devenez riche",1,0,visible,,"Vous trouverez dans ce livre ce que personne ne vous enseignera jamais ailleurs : comment assimiler et appliquer les principes qui vous permettront de faire fortune et d'atteindre les buts que vous vous êtes fixés. Napoleon Hill parvient avec brio à démontrer comment vos pensées et vos croyances peuvent changer le cours de votre vie. Fruit d'une recherche de plus de vingt ans sur la richesse et le talent, Réfléchissez et devenez riche développe treize principes universels qui stimuleront votre confiance et vous mèneront vers une réussite garantie.",,,taxable,,0,,,0,0,,,,,1,,,1500,"développement personnel, Education Financière, entreprenariat",,,http://espritlivre.com/wp-content/uploads/2024/08/51UHTHyCqpL._SY425_.jpg,,,,,,,,,0,,,,no,,no,,,,,,,,,,,,,,,,,,,,,,,,,,,,,,,,,,,,
2466,simple,,,"Miracle Morning",1,0,visible,,"<span class=""a-text-bold"">SE LEVER PLUS TÔT POUR GAGNER UN SUPPLÉMENT DE VIE...</span>\n\nEt si la clef du bonheur et de la réussite se trouvait dans cette nouvelle résolution ? C'est la découverte qui a changé la vie d'Hal Elrod ainsi que celle de milliers de lecteurs.\nDémarrez votre journée par un moment rien qu'à vous, profitez de ce moment de calme pour méditer, faire du sport, lire et préparer votre journée, comme une nouvelle aventure à entamer chaque matin. Et faites de votre quotidien un miracle !\n\n"" On y gagne un supplément de vie, efficacité et moral d'acier ! "" <span class=""a-text-bold a-text-italic"">Madame Figaro</span>\n\n"" Ce rituel <span class=""a-text-italic"">made in USA</span> devrait bouleverser notre vie. "" <span class=""a-text-bold a-text-italic"">Femme actuelle</span>\n\n<span class=""a-text-bold"">Hal ELROD</span> est conférencier en développement personnel et motivation.",,,taxable,,0,,,0,0,,,,,1,,,1500,"développement personnel, entreprenariat, productivité",,,http://espritlivre.com/wp-content/uploads/2024/08/61z222YL7fL._SY425_.jpg,,,,,,,,,0,,,,no,,no,,,,,,,,,,,,,,,,,,,,,,,,,,,,,,,,,,,,
2473,simple,,,"Les cinq blessures qui empêchent d'être soi-même: Rejet, abandon, humiliation, trahison, injustice",1,0,visible,,"Le rejet, l'abandon, l'humiliation, la trahison et l'injustice : cinq blessures fondamentales à l'origine de nos maux, qu'ils soient physiques, émotionnels ou mentaux.\nLise Bourbeau, grâce à une description très détaillée de ces blessures, nous mène vers la voie de la guérison. Car de la compréhension de ces mécanismes dépend le véritable épanouissement, celui qui nous conduit à être enfin nous-même. Un guide simple et pratique pour transformer tous nos petits problèmes quotidiens en tremplin pour grandir.\n\n<span class=""a-text-bold"">Lise BOURBEAU</span>, auteur de nombreux best-sellers traduits dans le monde entier, est la fondatrice des éditions E.T.C. – Écoute Ton Corps –, devenues la plus grande école du développement personnel au Québec.",,,taxable,,1,,,0,0,,,,,1,,,1800,"Non classé",,,http://espritlivre.com/wp-content/uploads/2024/08/41CU7gpqTRL._SY445_SX342_.jpg,,,,,,,,,0,,,,no,,no,,,,,,,,,,,,,,,,,,,,,,,,,,,,,,,,,,,,
2475,simple,,,"La Guérison des 5 blessures",1,0,visible,,"Voici la suite tant attendue des <span class=""a-text-italic"">5 blessures qui empêchent d'être soi-même</span>, le livre best-seller de Lise Bourbeau.\n\n<span class=""a-text-bold"">Voici la suite tant attendue du best-seller de Lise Bourbeau, </span><span class=""a-text-bold a-text-italic"">Les 5 blessures qui empêchent d'être soi-même</span><span class=""a-text-bold"">.</span>\n\nDe quels moyens concrets dispose-t-on pour guérir nos souffrances ? Comment apprendre à reconnaître nos blessures et mieux appréhender quand celles-ci se réveillent ?\nEn appliquant les conseils de Lise Bourbeau, vous prendrez conscience des innombrables occasions où l'ego dirige nos pensées, nos paroles et nos actes. Cette prise de conscience est non seulement une condition indispensable à la guérison, mais saura également vous aider à manifester les besoins essentiels de votre âme pour trouver la paix intérieure.\n\n​Lise BOURBEAU, auteur de nombreux best-sellers traduits dans le monde entier, est la fondatrice des éditions E.T.C. – Écoute Ton Corps –, devenues la plus grande école du développement personnel au Québec.\n\nTous les succès de Lise BOURBEAU sont chez Pocket",,,taxable,,1,,,0,0,,,,,1,,,1800,"Non classé",,,http://espritlivre.com/wp-content/uploads/2024/08/61U5BbgKwWL._SY425_.jpg,,,,,,,,,0,,,,no,,no,,,,,,,,,,,,,,,,,,,,,,,,,,,,,,,,,,,,
2477,simple,,,"La Puissance de l'acceptation",1,0,visible,,"Ce livre révèle le cœur de l'enseignement de Lise Bourbeau : la clef du bonheur est de pratiquer l'acceptation de ce que nous sommes. Cessons de nous blâmer ou de critiquer les autres, mais apprenons à nous écouter. Grâce à Lise Bourbeau vous saurez comment faire la différence entre accepter, se soumettre et comprendre. Vous découvrirez le sens de l'amour véritable – que nous confondons trop souvent avec le dévouement, la pitié ou la passion.\nCe livre unique vous épaulera tout au long de votre vie.\n\n<span class=""a-text-bold"">Lise BOURBEAU</span>, auteur de nombreux best-sellers traduits dans le monde entier, est la fondatrice des éditions E.T.C. – Écoute Ton Corps –, devenues la plus grande école du développement personnel au Québec.\n\n<span class=""a-text-bold"">Livre précédemment paru sous le titre : </span><span class=""a-text-bold a-text-italic"">Amour, amour, amour. la Puissance de l'acceptation</span><span class=""a-text-bold"">.</span>",,,taxable,,1,,,0,0,,,,,1,,,1800,"développement personnel",,,http://espritlivre.com/wp-content/uploads/2024/08/61x9Dat6NqL._SY425_.jpg,,,,,,,,,0,,,,no,,no,,,,,,,,,,,,,,,,,,,,,,,,,,,,,,,,,,,,
2479,simple,,,"Écoute ton corps: Les relations intimes-Poche",1,0,visible,,"Après son best-seller Écoute ton corps, qui a permis à des millions de personnes d'améliorer leur qualité de vie, Lise Bourbeau, l'une des pionnières du développement personnel, a donné des conférences, animé des ateliers dans le monde entier et reçu de nombreux courriers de lecteurs.Dans ce nouveau livre, elle répond à toutes les questions et propose des outils pratiques et concrets pour aborder les relations intimes, l'amour, la vie à deux, la sexualité...- Pourquoi ai-je peur de m'engager dans une relation amoureuse ?- Comment me sentir plus libre dans mon couple ?- Comment améliorer le dialogue ?- Il n'y a plus d'amour dans notre couple, juste de l'attachement. Est-ce la fin de notre relation ?- Pourquoi est-ce que je rencontre toujours le même type de personnalité ?",,,taxable,,0,,,0,0,,,,,1,,,900,"développement personnel",,,http://espritlivre.com/wp-content/uploads/2024/08/71imSiaR3tL._SY425_.jpg,,,,,,,,,0,,,,no,,no,,,,,,,,,,,,,,,,,,,,,,,,,,,,,,,,,,,,
2481,simple,,,"Écoute ton corps: La responsabilité, l'engagement & la culpabilité-Poche",1,0,visible,,"Après son best-seller Écoute ton corps, qui a permis à des millions de personnes d'améliorer leur qualité de vie, Lise Bourbeau, l'une des pionnières du développement personnel, a donné des conférences, animé des ateliers dans le monde entier et reçu de nombreux courriers de lecteurs.Dans ce nouveau livre, elle répond à toutes les questions et propose des outils pratiques et concrets pour aborder la responsabilité, la difficulté à s'engager, la compréhension de tout ce qui nous arrive dans la vie...- Est-ce que je suis responsable de tout ce qui m'arrive ?- Pourquoi je ne récolte pas ce que je sème ?- Comment cesser de me sentir coupable ?- Comment réagir face à une injustice dans mon travail ?- Je ne sais pas dire non car j'ai peur de blesser les autres. Que faire ?",,,taxable,,0,,,0,0,,,,,1,,,900,"développement personnel",,,http://espritlivre.com/wp-content/uploads/2024/08/51iyhH9PuUL._SY425_.jpg,,,,,,,,,0,,,,no,,no,,,,,,,,,,,,,,,,,,,,,,,,,,,,,,,,,,,,
2664,woosb,,,"Pack business ( de zéro à un et secrets d'experts )",1,0,visible,,,,,taxable,,0,,,1,0,,,,,1,,4500,"5400,00","business, développement personnel, Education Financière, entreprenariat",,,http://espritlivre.com/wp-content/uploads/2024/09/Capture20021.png,,,,,,,,,0,,,,no,,no,,,,,,,,,,,,,,,,,,"{""ryvh"":{""id"":""1958"",""sku"":"""",""qty"":""1"",""min"":"""",""max"":""""},""o07z"":{""id"":""2458"",""sku"":"""",""qty"":""1"",""min"":"""",""max"":""""}}",off,,900,whole,off,,,off,,,unset,unset,,,,,,
2667,woosb,,,"pack business 3 (secrets d'experts +de zéro à un + Le personal mba )",1,0,visible,,,,,taxable,,0,,,1,0,,,,,1,,5840,"8640,00","business, développement personnel, Education Financière, entreprenariat, Non classé",,,http://espritlivre.com/wp-content/uploads/2024/09/Capture50.png,,,,,,,,,0,,,,no,,no,,,,,,,,,,,,,,,,,,"{""eqyt"":{""id"":""1393"",""sku"":""exemplaire"",""qty"":""1"",""min"":"""",""max"":""""},""amef"":{""id"":""2458"",""sku"":"""",""qty"":""1"",""min"":"""",""max"":""""},""9jg6"":{""id"":""1958"",""sku"":"""",""qty"":""1"",""min"":"""",""max"":""""}}",off,,2500,whole,off,,,off,,,unset,unset,,,,,,
3333,simple,,,"La femme de ménage-broché",1,0,visible,"<strong>""La Femme de ménage""</strong> de <strong>Freida McFadden</strong> est un thriller psychologique palpitant qui explore les secrets et manipulations d'une femme de ménage au cœur d'une intrigue captivante.","Chaque jour, Millie fait le ménage dans la belle maison des Winchester, une riche famille new-yorkaise. Elle récupère aussi leur fille à l'école et prépare les repas avant d'aller se coucher dans sa chambre, au grenier. Pour la jeune femme, ce nouveau travail est une chance inespérée. L'occasion de repartir de zéro. Mais, sous des dehors respectables, sa patronne se montre de plus en plus instable et toxique. Et puis il y a aussi cette rumeur dérangeante qui court dans le quartier : Mme Winchester aurait tenté de noyer sa fille quelques années auparavant. Heureusement, le charmant M. Winchester est là pour rendre la situation plus supportable. Mais le danger se tapit parfois sous des apparences trompeuses. Et lorsque Millie découvre que la porte de sa chambre mansardée ne ferme que de l'extérieur, il est peut-être déjà trop tard...",,,taxable,,0,,,0,0,0.220,11.2,2.2,17.9,1,,,2300,romans,,"livraison payante",http://espritlivre.com/wp-content/uploads/2024/12/71pL3SNc13L._SY522_.jpg,,,,,"id:1954, id:1960, id:1305",,,,0,,,,no,,no,,"#post_title La femme de ménage Poche",29734106239567807,yes,yes,,,product,,,,,,,,,,,,,,,,,,,,,,,,,,2024-12-05,"Découvrez ""La Femme de ménage"" de Freida McFadden, un thriller psychologique captivant où secrets et manipulations se dévoilent à chaque page.",
3335,simple,,,"LES SECRETS DE LA FEMME DE MENAGE-Broché",1,0,visible,,"C’est une chance inespérée pour Millie d’avoir décroché un nouveau travail. Chez les Garrick, un couple fortuné qui possède un somptueux appartement avec vue sur New York, elle fait le ménage et prépare les repas dans la magnifique cuisine.\n\nCela paraît trop beau pour être vrai. Et effectivement, la femme de ménage ne tarde pas à déceler quelques ombres au tableau… Son patron, Douglas Garrick, est d’humeur de plus en plus changeante. Et pourquoi sa femme Wendy reste-t-elle toujours enfermée dans la chambre d’amis ?\n\nLe jour où Millie découvre du sang sur une chemise de nuit, elle ne peut plus rester les bras croisés. Quelque chose se trame dans cette maison. Une situation à laquelle Millie n’est pas préparée et qui pourrait bien se retourner contre elle si elle continue de vouloir découvrir les secrets des autres…",,,taxable,,1,,,0,0,0.510,14.5,2.7,22.5,1,,,2300,romans,,"livraison payante",http://espritlivre.com/wp-content/uploads/2024/12/81NWhGdQbTL._SL1500_.jpg,,,,,"id:1954, id:1960",,,,0,,,,no,,no,,"LES SECRETS DE LA FEMME DE MENAGE-Broché",9742770509133744,yes,yes,,,product,,,,,,,,,,,,,,,,,,,,,,,,,,,"Dans ""Les Secrets de la femme de ménage"", la suite captivante, découvrez comment une femme de ménage révèle des vérités cachées et affronte des dangers inattendus.",
3407,simple,,,"La sage-femme d'Auschwitz Poche",1,0,visible,,"Lorsqu'elle arrive à Auschwitz, sous un ciel bas et gris, Ana est persuadée qu'elle ne survivra pas à l'enfer du camp. Mais elle possède une compétence que les nazis recherchent : elle est sage-femme. Son travail sera de donner naissance aux enfants des autres prisonnières. Une mission terrible car, dès qu'ils ont poussé leur premier cri, les nouveau-nés sont emmenés et donnés à des familles allemandes. Malgré la détresse de ces femmes à qui on vole leurs bébés, Ana essaie d'apporter un peu de réconfort autour d'elle. Et puis un jour, elle réalise qu'elle peut faire plus. Secrètement, elle tatoue les petits avec les numéros de déportées de leurs mères. C'est une lueur d'espoir dans ce monde d'une infinie noirceur : et si, après l'horreur de la guerre, grâce à ce petit geste, ces enfants et leurs mères pouvaient se retrouver ?",,,taxable,,0,,,0,0,,,,,1,,,2300,romans,,,http://espritlivre.com/wp-content/uploads/2024/12/71ubMzTUUfL._SL1051_.jpg,,,,,,,,,0,,,,no,,no,,"La sage-femme d'Auschwitz Poche- Esprit livre",8922670827857870,yes,yes,,,product,,,,,,,,,,,,,,,,,,,,,,,,,,,"#post_excerpt Lorsqu'elle arrive à Auschwitz, sous un ciel bas et gris, Ana est persuadée qu'elle ne survivra pas à l'enfer du camp. Mais elle possède une compétence que les nazis recherchent : elle est sage-femme. Son travail sera de donner naissance aux enfants des autres prisonnières. Une mission terrible car, dès qu'ils ont poussé leur premier cri, les nouveau-nés sont emmenés et donnés à des familles allemandes. Malgré la détresse de ces femmes à qui on vole leurs bébés, Ana essaie d'apporter un peu de réconfort autour d'elle. Et puis un jour, elle réalise qu'elle peut faire plus. Secrètement, elle tatoue les petits avec les numéros de déportées de leurs mères. C'est une lueur d'espoir dans ce monde d'une infinie noirceur : et si, après l'horreur de la guerre, grâce à ce petit geste, ces enfants et leurs mères pouvaient se retrouver ?",
4247,simple,,,"Avoir le courage d'être heureux Broché – Grand livre, 29 juin 2023",1,0,visible,,"NOUS POUVONS TOUS CHANGER PROFONDÉMENT NOTRE VIE.\nNOUS POUVONS TOUS ÊTRE HEUREUX.\nSI NOUS EN FAISONS LE CHOIX...\n\nAprès leur best-seller mondial <span class=""a-text-italic"">Avoir le courage de ne pas être aimé</span>, Ichiro Kishimi et Fumitake Koga nous livrent ici les clés pour trouver le courage de choisir le bonheur et devenir la personne que nous souhaitons vraiment être.\n\nUtilisant le format traditionnel de la philosophie grecque qui consiste en un dialogue entre un jeune homme et un philosophe, ils explorent les puissants enseignements d'Alfred Adler – l'un des trois géants de la psychologie du début du xxe siècle aux côtés de Freud et de Jung – sur le sens profond de la liberté et du courage.\n\n<span class=""a-text-italic"">Avoir le courage d'être heureux</span> reprend les échanges entre ce jeune homme et le philosophe, initiés dans leur ouvrage précédent. C'est l'occasion de mettre en pratique les idées d'Adler et de comprendre comment les choix que nous réalisons chaque jour et les relations que nous instaurons avec les autres ont un poids déterminant sur notre bonheur.",,,taxable,,1,,,0,0,,,,,1,,,2900,psychologie,,"livraison payante",http://espritlivre.com/wp-content/uploads/2025/02/712DFnzS7AL._SL1500_.jpg,,,,,,,,,0,,,,no,,no,,,,,,,,,,,,,,,,,,,,,,,,,,,,,,,,,,,,
5392,simple,,,"pack jules verne ( 6 Livres )",1,0,visible,,"<p class=""ds-markdown-paragraph""><strong>Découvrez l’univers captivant de Jules Verne avec ce pack exclusif des 6 romans les plus passionnants de l'auteur !</strong></p>\n<p class=""ds-markdown-paragraph"">Plongez dans des aventures extraordinaires où science, exploration et suspense se mêlent pour vous transporter vers des mondes lointains et des inventions révolutionnaires. Ce pack a été soigneusement composé pour vous offrir <strong>les œuvres les plus marquantes de Jules Verne</strong>, garantissant des heures de lecture palpitantes.</p>\n<p class=""ds-markdown-paragraph""><strong>Au programme :</strong></p>\n\n<ul>\n 	<li>\n<p class=""ds-markdown-paragraph""><strong>""Vingt mille lieues sous les mers""</strong> : Partez à bord du Nautilus avec le mystérieux capitaine Nemo.</p>\n</li>\n 	<li>\n<p class=""ds-markdown-paragraph""><strong>""Autour de la Lune""</strong> : Vivez la suite du périple spatial entamé dans <em>De la Terre à la Lune</em>.</p>\n</li>\n 	<li>\n<p class=""ds-markdown-paragraph""><strong>""De la Terre à la Lune""</strong> : Assistez à la folle épopée d’un voyage vers notre satellite.</p>\n</li>\n 	<li>\n<p class=""ds-markdown-paragraph""><strong>""Cinq semaines en ballon""</strong> : Survolez l’Afrique dans une aérostat pleine de dangers.</p>\n</li>\n 	<li>\n<p class=""ds-markdown-paragraph""><strong>""Voyage au centre de la Terre""</strong> : Explorez les profondeurs mystérieuses de notre planète.</p>\n</li>\n 	<li>\n<p class=""ds-markdown-paragraph""><strong>""Le Tour du monde en 80 jours""</strong> : Suivez Phileas Fogg dans sa course contre la montre autour du globe.</p>\n</li>\n</ul>\n<p class=""ds-markdown-paragraph""><strong>Pourquoi ce pack ?</strong></p>\n\n<ul>\n 	<li>\n<p class=""ds-markdown-paragraph""><strong>Une sélection des meilleures œuvres</strong> de Jules Verne, choisies pour leur richesse narrative et leur ingéniosité.</p>\n</li>\n 	<li>\n<p class=""ds-markdown-paragraph""><strong>Des classiques intemporels</strong>, parfaits pour les amateurs d’aventures et de science-fiction.</p>\n</li>\n 	<li>\n<p class=""ds-markdown-paragraph""><strong>Idéal pour les collectionneurs</strong> et les lecteurs curieux souhaitant découvrir ou redécouvrir ce maître de la littérature.</p>\n</li>\n</ul>\n<p class=""ds-markdown-paragraph"">Offrez-vous ou offrez <strong>un voyage littéraire inoubliable</strong> avec les récits qui ont marqué des générations de lecteurs !</p>",,,taxable,,1,,,0,0,,,,,1,,,3600,"littérature jeunesse",,"livraison payante",http://espritlivre.com/wp-content/uploads/2025/05/pack-promotion-970-x-1500-px-2.png,,,,,,,,,0,,,,no,,no,,,,,,,,,,,,,,,,,,,,,,,,,,,,,,,,,,,,
5529,simple,,,"Personne ne doit savoir (Prix des lectrices 2023) Poche",1,0,visible,,"<div class=""a-expander-content a-expander-partial-collapse-content a-expander-content-expanded"" data-expanded=""true"">\n\n<span class=""a-text-bold"">Des milliers de lectrices ont fait leur choix : Claire McGowan est la lauréate du Prix des Lectrices 2023 avec </span><span class=""a-text-bold a-text-italic"">Personne ne doit savoir </span><span class=""a-text-bold"">!</span>\n\nEt si on parlait du bon vieux temps ?\n\nAlison organise une réunion d'anciens camarades d'Oxford pour fêter une amitié longue d'un quart de siècle. Entre-temps, elle s'est mariée avec Mike, avocat d'affaires, dont elle a eu deux enfants. Elle vit dans la maison de ses rêves dans le Kent. Elle a réussi sa vie, et elle a bien l'intention d'en faire la démonstration lors de ces retrouvailles.\n\nMais la fête vire au drame lorsque Karen, la meilleure amie d'Alison, fait irruption dans la maison, en état de choc. Elle affirme que le mari d'Alison l'a violée. Mike jure qu'il est innocent. À qui se fier ? Ce douloureux épisode fait resurgir les plus sombres souvenirs de leurs années de fac. Et certains sont prêts à tuer pour que ces souvenirs restent des secrets bien gardés.\n\n&nbsp;\n\n« Un suspense à couper le souffle. » <span class=""a-text-bold a-text-italic"">Sunday Mirror</span>\n\n« Ces pages fourmillent de fausses pistes et de rebondissements : accrochez-vous, ça va secouer. » <span class=""a-text-bold a-text-italic"">Crime Time</span>\n\n« Un thriller époustouflant qui vous tiendra en haleine jusqu'à la dernière page. » <span class=""a-text-bold"">Erin Kelly</span>\n\n</div>\n<div class=""a-expander-header a-expander-partial-collapse-header""></div>",,,taxable,,1,,,0,0,,,,,1,,,2200,romans,,"livraison payante",http://espritlivre.com/wp-content/uploads/2025/05/516fyvG46qL._SY445_SX342_.jpg,,,,,"id:3333, id:3407, id:3335",,,,0,,,,no,,no,,,,,,,,,,,,,,,,,,,,,,,,,,,,,,,,,,,,
5738,simple,,,"La femme de ménage voit tout (tome 3)",1,0,visible,,"Après avoir été au service des autres en tant que femme de ménage, Millie s’est enfin construit une vie à elle. Elle vient même d’emménager dans une belle maison, dans une petite impasse chic et tranquille, avec son mari et ses deux enfants.\n\nMais son rêve d’une vie paisible est rapidement terni par la rencontre de ses voisins. Il y a Suzette, bien trop snob et aguicheuse, son insipide mari, mais surtout leur terrifiante femme de ménage au regard perçant et au comportement plus que suspect.\n\nLes craintes de Millie montent d’un cran lorsque des bruits étranges se font entendre la nuit dans sa propre maison. Pire : elle éprouve un étrange malaise et se sent épiée. C’est certain, quelque chose ne tourne pas rond dans cette rue si tranquille. Mais est-elle prête à en découvrir les secrets ? Et surtout, le temps de comprendre ce qui ne va pas, tout peut arriver…",,,taxable,,1,,,0,0,,,,,1,,,2300,romans,,"livraison payante",http://espritlivre.com/wp-content/uploads/2025/06/81tDiTTeXYL._SL1500_.jpg,,,,,,,,,0,,,,no,,no,,,30004359545877746,yes,yes,,,product,,,,,,,,,,,,,,,,,,,,,,,,,,,,30004358425877858
5750,simple,,,"La saga complète de La Femme de Ménage-(édition spéciale avec le tome bonus)",1,0,visible,,"<p data-start=""176"" data-end=""230"">🔎 <strong data-start=""179"" data-end=""230"">La Saga Complète – La Femme de Ménage (4 tomes)</strong></p>\n<p data-start=""232"" data-end=""492"">Redécouvrez l’intégralité du thriller psychologique à succès <strong data-start=""293"" data-end=""315"">La Femme de Ménage</strong>, désormais disponible en pack complet. Un suspense haletant, des personnages complexes et des retournements de situation qui vous tiendront en haleine jusqu’à la dernière page.</p>\n<p data-start=""494"" data-end=""611"">👉 <strong data-start=""497"" data-end=""510"">Nouveauté</strong> : ce pack inclut le tome bonus <em data-start=""542"" data-end=""571"">La Femme de Ménage se marie</em> – un récit inédit qui complète la saga.</p>\n<p data-start=""613"" data-end=""637"">📚 <strong data-start=""616"" data-end=""635"">Ce lot comprend</strong> :</p>\n\n<ul data-start=""638"" data-end=""821"">\n 	<li data-start=""638"" data-end=""669"">\n<p data-start=""640"" data-end=""669"">La Femme de Ménage – Tome 1</p>\n</li>\n 	<li data-start=""670"" data-end=""716"">\n<p data-start=""672"" data-end=""716"">Les Secrets de la Femme de Ménage – Tome 2</p>\n</li>\n 	<li data-start=""717"" data-end=""758"">\n<p data-start=""719"" data-end=""758"">La Femme de Ménage voit tout – Tome 3</p>\n</li>\n 	<li data-start=""759"" data-end=""821"">\n<p data-start=""761"" data-end=""821"">🆕 <em data-start=""764"" data-end=""793"">La Femme de Ménage se marie</em> – Tome bonus (format poche)</p>\n</li>\n</ul>\n<p data-start=""823"" data-end=""1057"">💰 <strong data-start=""826"" data-end=""847"">Tarif spécial lot</strong> – Profitez d’un prix avantageux en achetant l’intégrale.<br data-start=""904"" data-end=""907"" />🎁 <strong data-start=""910"" data-end=""928"">Bonus exclusif</strong> – Le tome 2.5 inclus gratuitement dans ce pack.<br data-start=""976"" data-end=""979"" />🚚 <strong data-start=""982"" data-end=""1004"">Livraison gratuite</strong> – Directement chez vous, sans frais supplémentaires.</p>",,,taxable,,0,,,0,0,,,,,1,,5700,6400,romans,,,http://espritlivre.com/wp-content/uploads/2025/06/pack-promotion-1080-x-1960-px-6.png,,,,,,,,,0,,,,no,,no,,,9894463433984154,yes,yes,,,product,,,,,,,,,,,,,,,,,,,,,,,,,,,,9894462683984229
5799,simple,,,"La psy Broché – Grand livre, 17 avril 2024",1,0,visible,,"Jeunes mariés, Tricia et Ethan recherchent la maison de leurs rêves. Alors qu'ils visitent un manoir isolé ayant appartenu au docteur Adrienne Hale, une psychiatre renommée disparue sans laisser de trace quatre ans plus tôt, une violente tempête de neige les piège sur place.\n\nEt la maison n’a rien d’un cocon rassurant... Il y a ces empreintes de pas récentes sur le parquet, ces bruits à l’étage, comme si quelqu’un vivait là. Pire encore : Tricia découvre une pièce secrète qui renferme les enregistrements audio de chaque patient du docteur Hale.\n\nLa jeune femme les écoute les uns après les autres, tard dans la nuit. La toile de mensonges ayant conduit à la disparition de la psy se dévoile lentement. Mais déterrer de vilains petits secrets est un jeu dangereux, et lorsque Tricia écoute le dernier enregistrement, il est déjà trop tard...",,,taxable,,1,,,0,0,,,,,1,,,2500,romans,,"livraison payante",http://espritlivre.com/wp-content/uploads/2025/06/71EXZ01z0LL._SY522_.jpg,,,,,,,,,0,,,,no,,no,,,24319331561007389,yes,yes,,,product,,,,,,,,,,,,,,,,,,,,,,,,,,,,24319331091007436
5801,simple,,,"La prof Broché – Grand livre, 16 avril 2025",1,0,visible,,"Chaque matin, Eve se lève et embrasse tendrement son mari, Nate. Ils partent au travail ensemble, au lycée où elle enseigne les mathématiques et où Nate est professeur d’anglais. Une vie parfaite, réglée comme du papier à musique. Tranquille.\n\nPourtant, l’année dernière, l’école a été secouée par un scandale. Un professeur a été licencié parce qu’il aurait eu une liaison avec Addie, une élève. Et cette année, cette élève se retrouve dans la classe d’Eve et dans celle de son charmant mari.\n\nComme tout le monde, Eve sait que l’on ne peut pas faire confiance à la jeune fille, une menteuse invétérée qui fait du mal autour d’elle. Et quand la prof commence à comprendre qui est véritablement Addie et ce qu’elle cherche à cacher, il est déjà trop tard…",,,taxable,,1,,,0,0,,,,,1,,,2600,romans,,"livraison payante",http://espritlivre.com/wp-content/uploads/2025/06/71LPmlL7IaL._SY522_.jpg,,,,,,,,,0,,,,no,,no,,,9981353901960689,yes,yes,,,product,,,,,,,,,,,,,,,,,,,,,,,,,,,,9981352731960806
5879,simple,,,"Le Medium-Broché",1,0,visible,,"Lui seul peut la sauver…\nÀ la merci de son kidnappeur, Zoé Rossi, danseuse à l’Opéra de Paris, attend la fin. Car elle va mourir, elle le sait. L’homme qui la retient prisonnière dans ce sous-sol humide et sombre n’est autre que <span class=""a-text-italic"">le Faucheur </span>, un tueur en série insaisissable que toutes les polices d’Europe cherchent par tous les moyens à arrêter. Mais lorsque celui-ci lui montre enfin son visage, Zoé est déstabilisée. Non seulement il ne ressemble en rien au monstre qu’elle s’était imaginé, l’homme qui se tient à présent devant elle, l’air perdu et désorienté, avoue qu’il ne sait plus ni qui il est ni ce qu’il a pu faire. Alors pourquoi en sait-il autant sur les autres victimes ? Lui-même ne sait pas l’expliquer. Ce qu’il sait avec certitude en revanche, c’est qu’il n’est pas un assassin. Peut-elle le croire ? Ou bien n’est-ce que le commencement d’un jeu tordu entre un prédateur et sa proie ?\nPendant ce temps, le beau-frère de Zoé est contacté par les enquêteurs d’Europol. Pierre Valmeur, célèbre médium et guérisseur, se joint bientôt à eux pour tenter de retrouver la jeune femme avant qu’il ne soit trop tard.\n<span class=""a-text-bold"">Vous allez vouloir connaître la fin !</span>\n<span class=""a-text-bold"">Plongez-vous dans ce thriller où enquête, mystère et surnaturel s'enchaînent dans un suspense à couper le souffle.</span>",,,taxable,,1,,,0,0,,,,,1,,,2600,romans,,"livraison payante",http://espritlivre.com/wp-content/uploads/2025/06/71CgbEJa7WL._SY522_.jpg,,,,,,,,,0,,,,no,,no,,,,yes,yes,,,product,,,,,,,,,,,,,,,,,,,,,,,,,,,,24099543666368082
6191,simple,,,"Pack exclusif : La Psy & La Prof-Les deux derniers chocs signés McFadden-format broché",1,0,visible,,"<h3 data-start=""44"" data-end=""116"">📦 <strong data-start=""51"" data-end=""116"">Pack exclusif : Les deux derniers frissons de Freida McFadden</strong></h3>\n<p data-start=""118"" data-end=""155""><span class=""relative -mx-px my-[-0.2rem] rounded px-px py-[0.2rem] transition-colors duration-100 ease-in-out"">Plongez dans un duo de thrillers psychologiques intenses, signés par l'autrice phénomène :</span></p>\n<p data-start=""157"" data-end=""249""><strong data-start=""157"" data-end=""170"">🔹 La Psy</strong><br data-start=""170"" data-end=""173"" /><span class=""relative -mx-px my-[-0.2rem] rounded px-px py-[0.2rem] transition-colors duration-100 ease-in-out"">Tricia et Ethan, jeunes mariés en quête de leur maison idéale, se retrouvent piégés dans un manoir glacé, ancien refuge d’une psychiatre mystérieusement disparue. Une tempête, des pièces secrètes et d’anciens enregistrements audio… jusqu’à la découverte finale qui défie l’entendement. Un huis‑clos angoissant, riche en rebondissements terrifiants</span></p>\n<p data-start=""251"" data-end=""344""><strong data-start=""251"" data-end=""265"">🔹 La Prof</strong><br data-start=""265"" data-end=""268"" /><span class=""relative -mx-px my-[-0.2rem] rounded px-px py-[0.2rem] transition-colors duration-100 ease-in-out"">Dans ce thriller tendu, Eve et Nate, deux enseignants, font face à Addie, une élève aussi vulnérable que troublante. Entre rumeurs, secrets d’adolescents et dynamiques familiales toxiques, McFadden manie une narration à plusieurs voix pour un suspense subtil et oppressant</span></p>\n<p data-start=""251"" data-end=""344"">Le pack parfait pour les amateurs de frissons psychologiques.</p>",,,taxable,,1,,,0,0,,,,,1,,,4900,romans,,,http://espritlivre.com/wp-content/uploads/2025/07/pack-promotion-1080-x-1960-px-2.png,,,,,,,,,0,,,,no,,no,,,23926906560337056,yes,yes,,,product,,,,,,,,,,,,,,,,,,,,,,,,,,,,23926906087003770
6700,simple,,,"Le Pouvoir du Moment Présent + 1 Livre Surprise Offert",1,0,visible,,"Le pouvoir du moment présent est probablement l'un des livres les plus importants de notre époque. Son enseignement simple et néanmoins profond a aidé des millions de gens à travers le monde à trouver la paix intérieure et à se sentir plus épanouis dans leur vie. Au coeur de cet enseignement se trouve la transformation de la conscience : en vivant dans l'instant présent, nous transcendons notre ego et accédons à un état de grâce, de légèreté et de bien-être. Ce livre a le pouvoir de métamorphoser votre vie par une expérience unique.",,,taxable,,1,,,0,0,,,,,1,,,1900,"Non classé",,"livraison payante",http://espritlivre.com/wp-content/uploads/2025/07/61rlFBxkt1L._SL1051_.jpg,,,,,,,,,0,,,,no,,no,,,24012548811747079,yes,yes,,,product,,,,,,,,,,,,,,,,,,,,,,,,,,,,24012548001747160
6852,simple,,,"La femme de ménage se marie Poche – 21 mai 2025",1,0,visible,,"Aujourd’hui est censé être le plus beau jour de la vie de Millie. La femme de ménage se marie avec Enzo, l’homme de ses rêves, et rien ne peut gâcher son bonheur. D’autant que ses parents, avec lesquels elle est brouillée depuis quinze ans, ont promis d’assister à la cérémonie.\n\nMais alors qu’elle devrait se préoccuper uniquement de sa robe et de sa coiffure, Millie est confrontée à un sérieux problème : quelqu’un ne veut pas qu’elle vive assez longtemps pour prononcer ses vœux. Quelqu’un qui épie ses faits et gestes, jusque dans sa chambre.\n\nPrise au piège, Millie décide pourtant de ne pas se laisser intimider. Elle se mariera coûte que coûte, pour le meilleur et pour le pire. Mais le pire pourrait bien arriver plus tôt que prévu…",,,taxable,,1,,,0,0,,,,,1,,,990,romans,,"livraison payante",http://espritlivre.com/wp-content/uploads/2025/07/81FGULEBXNL._SL1500_.jpg,,,,,,,,,0,,,,no,,no,,,9999607120137108,yes,yes,,,product,,,,,,,,,,,,,,,,,,,,,,,,,,,,9999606706803816
7459,simple,,,"pack ( Personne ne doit savoir (Prix des lectrices 2023) Poche +Le Medium: (format poche) Broché)",1,0,visible,,,,,taxable,,1,,,0,0,,,,,1,,,4500,romans,,,http://espritlivre.com/wp-content/uploads/2025/08/pack-promotion-1080-x-1960-px-7.png,,,,,,,,,0,,,,no,,no,,,24329427973355703,yes,yes,,,product,,,,,,,,,,,,,,,,,,,,,,,,,,,,24329427206689113
8437,simple,,,"<div dir=""rtl"" style=""text-align:right;""> باقة الخمسة من الجزء الأول (1) إلى الجزء العاشر (10) </div>",1,0,visible,"<p style=""text-align: right;"">نادي الخمسة هي سلسلة مغامرات ذات نجاح عالمي، ولا تزال تحظى بشعبية كبيرة لدى الأطفال حتى اليوم\nخمسة أصدقاء بشخصيات متكاملة: القائد المتزن، الذكي الملاحظ، الشجاعة الجريئة، اللطيفة الهادئة، ومعهم كلبهم الوفي؛ يخوضون مغامرات مشوّقة ومليئة بالغموض\nمن خلال هذه القصص، يطوّر الأطفال روح العمل الجماعي، وحبّ الاستكشاف، والقدرة على التفكير والتحليل.\nقراءة ممتعة تساهم في تعزيز الثقة بالنفس وتنمية الاستقلالية لدى الطفل</p>","<p style=""text-align: right;"">نادي الخمسة هي سلسلة مغامرات ذات نجاح عالمي، ولا تزال تحظى بشعبية كبيرة لدى الأطفال حتى اليوم\nخمسة أصدقاء بشخصيات متكاملة: القائد المتزن، الذكي الملاحظ، الشجاعة الجريئة، اللطيفة الهادئة، ومعهم كلبهم الوفي؛ يخوضون مغامرات مشوّقة ومليئة بالغموض\nمن خلال هذه القصص، يطوّر الأطفال روح العمل الجماعي، وحبّ الاستكشاف، والقدرة على التفكير والتحليل.\nقراءة ممتعة تساهم في تعزيز الثقة بالنفس وتنمية الاستقلالية لدى الطفل</p>",,,taxable,,1,,,0,0,,,,,1,,,4500,pack-alkhamsa,,"livraison payante",http://espritlivre.com/wp-content/uploads/2026/01/Nouveau-des-livres-de-San-Dias.jpg,,,,,,,,,0,,,,no,,no,,,,yes,yes,,,product,,,,,,,,,,,,,,,,,,,,,,,,,,,,1252637296778298
8439,simple,,,"<div dir=""rtl"" style=""text-align:right;""> باقة الخمسة من الجزء الحادي عشر (11) إلى الجزء الحادي والعشرين (21) </div>",1,0,visible,,,,,taxable,,1,,,0,0,,,,,1,,,4500,pack-alkhamsa,,"livraison payante",http://espritlivre.com/wp-content/uploads/2026/01/Nouveau-des-livres-de-San-Dias-4.jpg,,,,,,,,,0,,,,no,,no,,,,yes,yes,,,product,,,,,,,,,,,,,,,,,,,,,,,,,,,,741970572298605
8440,simple,,,"<div dir=""rtl"" style=""text-align:center; font-size:20px; font-weight:bold; margin-bottom:10px;""> سلسلة الخمسة كاملة من الجزء الأول (1) إلى الجزء الحادي والعشرين (21) </div>  <div dir=""rtl"" style=""text-align:center; font-size:18px; font-weight:bold; color:red; margin-bottom:10px;""> توصيل مجاني </div>",1,0,visible,,,,,taxable,,1,,,0,0,,,,,1,,,8000,pack-alkhamsa,,,http://espritlivre.com/wp-content/uploads/2026/01/Nouveau-des-livres-de-San-Dias-3.jpg,,,,,,,,,0,,,,no,,no,,,,yes,yes,,,product,,,,,,,,,,,,,,,,,,,,,,,,,,,,1951493709103753
